"Label (Grouping)","Alabama!!Total!!Estimate","Alabama!!Male!!Estimate","Alabama!!Female!!Estimate","Alaska!!Total!!Estimate","Alaska!!Male!!Estimate","Alaska!!Female!!Estimate","Arizona!!Total!!Estimate","Arizona!!Male!!Estimate","Arizona!!Female!!Estimate","Arkansas!!Total!!Estimate","Arkansas!!Male!!Estimate","Arkansas!!Female!!Estimate","California!!Total!!Estimate","California!!Male!!Estimate","California!!Female!!Estimate","Colorado!!Total!!Estimate","Colorado!!Male!!Estimate","Colorado!!Female!!Estimate","Connecticut!!Total!!Estimate","Connecticut!!Male!!Estimate","Connecticut!!Female!!Estimate","Delaware!!Total!!Estimate","Delaware!!Male!!Estimate","Delaware!!Female!!Estimate","District of Columbia!!Total!!Estimate","District of Columbia!!Male!!Estimate","District of Columbia!!Female!!Estimate","Florida!!Total!!Estimate","Florida!!Male!!Estimate","Florida!!Female!!Estimate","Georgia!!Total!!Estimate","Georgia!!Male!!Estimate","Georgia!!Female!!Estimate","Hawaii!!Total!!Estimate","Hawaii!!Male!!Estimate","Hawaii!!Female!!Estimate","Idaho!!Total!!Estimate","Idaho!!Male!!Estimate","Idaho!!Female!!Estimate","Illinois!!Total!!Estimate","Illinois!!Male!!Estimate","Illinois!!Female!!Estimate","Indiana!!Total!!Estimate","Indiana!!Male!!Estimate","Indiana!!Female!!Estimate","Iowa!!Total!!Estimate","Iowa!!Male!!Estimate","Iowa!!Female!!Estimate","Kansas!!Total!!Estimate","Kansas!!Male!!Estimate","Kansas!!Female!!Estimate","Kentucky!!Total!!Estimate","Kentucky!!Male!!Estimate","Kentucky!!Female!!Estimate","Louisiana!!Total!!Estimate","Louisiana!!Male!!Estimate","Louisiana!!Female!!Estimate","Maine!!Total!!Estimate","Maine!!Male!!Estimate","Maine!!Female!!Estimate","Maryland!!Total!!Estimate","Maryland!!Male!!Estimate","Maryland!!Female!!Estimate","Massachusetts!!Total!!Estimate","Massachusetts!!Male!!Estimate","Massachusetts!!Female!!Estimate","Michigan!!Total!!Estimate","Michigan!!Male!!Estimate","Michigan!!Female!!Estimate","Minnesota!!Total!!Estimate","Minnesota!!Male!!Estimate","Minnesota!!Female!!Estimate","Mississippi!!Total!!Estimate","Mississippi!!Male!!Estimate","Mississippi!!Female!!Estimate","Missouri!!Total!!Estimate","Missouri!!Male!!Estimate","Missouri!!Female!!Estimate","Montana!!Total!!Estimate","Montana!!Male!!Estimate","Montana!!Female!!Estimate","Nebraska!!Total!!Estimate","Nebraska!!Male!!Estimate","Nebraska!!Female!!Estimate","Nevada!!Total!!Estimate","Nevada!!Male!!Estimate","Nevada!!Female!!Estimate","New Hampshire!!Total!!Estimate","New Hampshire!!Male!!Estimate","New Hampshire!!Female!!Estimate","New Jersey!!Total!!Estimate","New Jersey!!Male!!Estimate","New Jersey!!Female!!Estimate","New Mexico!!Total!!Estimate","New Mexico!!Male!!Estimate","New Mexico!!Female!!Estimate","New York!!Total!!Estimate","New York!!Male!!Estimate","New York!!Female!!Estimate","North Carolina!!Total!!Estimate","North Carolina!!Male!!Estimate","North Carolina!!Female!!Estimate","North Dakota!!Total!!Estimate","North Dakota!!Male!!Estimate","North Dakota!!Female!!Estimate","Ohio!!Total!!Estimate","Ohio!!Male!!Estimate","Ohio!!Female!!Estimate","Oklahoma!!Total!!Estimate","Oklahoma!!Male!!Estimate","Oklahoma!!Female!!Estimate","Oregon!!Total!!Estimate","Oregon!!Male!!Estimate","Oregon!!Female!!Estimate","Pennsylvania!!Total!!Estimate","Pennsylvania!!Male!!Estimate","Pennsylvania!!Female!!Estimate","Rhode Island!!Total!!Estimate","Rhode Island!!Male!!Estimate","Rhode Island!!Female!!Estimate","South Carolina!!Total!!Estimate","South Carolina!!Male!!Estimate","South Carolina!!Female!!Estimate","South Dakota!!Total!!Estimate","South Dakota!!Male!!Estimate","South Dakota!!Female!!Estimate","Tennessee!!Total!!Estimate","Tennessee!!Male!!Estimate","Tennessee!!Female!!Estimate","Texas!!Total!!Estimate","Texas!!Male!!Estimate","Texas!!Female!!Estimate","Utah!!Total!!Estimate","Utah!!Male!!Estimate","Utah!!Female!!Estimate","Vermont!!Total!!Estimate","Vermont!!Male!!Estimate","Vermont!!Female!!Estimate","Virginia!!Total!!Estimate","Virginia!!Male!!Estimate","Virginia!!Female!!Estimate","Washington!!Total!!Estimate","Washington!!Male!!Estimate","Washington!!Female!!Estimate","West Virginia!!Total!!Estimate","West Virginia!!Male!!Estimate","West Virginia!!Female!!Estimate","Wisconsin!!Total!!Estimate","Wisconsin!!Male!!Estimate","Wisconsin!!Female!!Estimate","Wyoming!!Total!!Estimate","Wyoming!!Male!!Estimate","Wyoming!!Female!!Estimate","Puerto Rico!!Total!!Estimate","Puerto Rico!!Male!!Estimate","Puerto Rico!!Female!!Estimate"
"Total population","4,858,979","2,352,810","2,506,169","738,432","388,695","349,737","6,828,065","3,387,385","3,440,680","2,978,204","1,463,576","1,514,628","39,144,818","19,440,558","19,704,260","5,456,574","2,741,020","2,715,554","3,590,886","1,752,063","1,838,823","945,934","458,208","487,726","672,228","319,705","352,523","20,271,272","9,891,238","10,380,034","10,214,860","4,975,458","5,239,402","1,431,603","724,635","706,968","1,654,930","826,819","828,111","12,859,995","6,310,435","6,549,560","6,619,680","3,253,089","3,366,591","3,123,899","1,549,289","1,574,610","2,911,641","1,449,224","1,462,417","4,425,092","2,174,892","2,250,200","4,670,724","2,286,299","2,384,425","1,329,328","651,030","678,298","6,006,401","2,912,348","3,094,053","6,794,422","3,297,384","3,497,038","9,922,576","4,877,067","5,045,509","5,489,594","2,730,030","2,759,564","2,992,333","1,448,495","1,543,838","6,083,672","2,983,645","3,100,027","1,032,949","519,026","513,923","1,896,190","942,589","953,601","2,890,845","1,447,456","1,443,389","1,330,608","657,716","672,892","8,958,013","4,374,892","4,583,121","2,085,109","1,035,143","1,049,966","19,795,791","9,616,592","10,179,199","10,042,802","4,896,006","5,146,796","756,928","388,152","368,776","11,613,423","5,683,951","5,929,472","3,911,338","1,939,555","1,971,783","4,028,977","1,992,162","2,036,815","12,802,503","6,262,246","6,540,257","1,056,298","511,773","544,525","4,896,146","2,385,096","2,511,050","858,469","431,540","426,929","6,600,299","3,214,689","3,385,610","27,469,114","13,625,413","13,843,701","2,995,919","1,506,383","1,489,536","626,042","308,552","317,490","8,382,993","4,126,326","4,256,667","7,170,351","3,585,221","3,585,130","1,844,128","908,559","935,569","5,771,337","2,868,297","2,903,040","586,107","295,102","291,005","3,474,182","1,657,467","1,816,715"
"AGE","","","","","","","","","","","","","","","","","","","","","","","","","","","","","","","","","","","","","","","","","","","","","","","","","","","","","","","","","","","","","","","","","","","","","","","","","","","","","","","","","","","","","","","","","","","","","","","","","","","","","","","","","","","","","","","","","","","","","","","","","","","","","","","","","","","","","","","","","","","","","","","","","","","","","","","","","","","",""
"    Under 5 years","5.9%","6.2%","5.5%","7.4%","7.2%","7.7%","6.3%","6.5%","6.1%","6.3%","6.5%","6.2%","6.4%","6.6%","6.2%","6.1%","6.2%","6.0%","5.2%","5.4%","5.0%","5.9%","6.2%","5.5%","6.4%","6.9%","6.0%","5.4%","5.7%","5.2%","6.4%","6.7%","6.0%","6.4%","6.4%","6.4%","6.8%","6.7%","6.8%","6.1%","6.3%","5.9%","6.3%","6.5%","6.2%","6.2%","6.4%","6.1%","6.8%","6.9%","6.6%","6.2%","6.4%","5.9%","6.5%","6.9%","6.1%","4.8%","4.9%","4.7%","6.1%","6.4%","5.8%","5.4%","5.7%","5.1%","5.8%","6.0%","5.5%","6.4%","6.6%","6.1%","6.3%","6.5%","6.1%","6.2%","6.4%","5.9%","5.8%","5.9%","5.8%","6.9%","7.0%","6.8%","6.1%","6.3%","5.9%","4.8%","5.1%","4.5%","5.9%","6.2%","5.6%","6.4%","6.7%","6.1%","6.0%","6.3%","5.7%","6.0%","6.3%","5.7%","6.9%","6.6%","7.2%","5.9%","6.2%","5.7%","6.7%","7.0%","6.4%","5.7%","5.9%","5.5%","5.6%","5.9%","5.3%","5.1%","5.5%","4.8%","5.9%","6.2%","5.6%","6.9%","7.0%","6.8%","6.0%","6.3%","5.8%","7.2%","7.3%","7.0%","8.3%","8.5%","8.2%","4.8%","5.0%","4.7%","6.1%","6.4%","5.8%","6.2%","6.3%","6.1%","5.5%","5.6%","5.5%","5.8%","6.0%","5.7%","6.5%","6.8%","6.2%","5.0%","5.5%","4.5%"
"    5 to 9 years","6.5%","6.9%","6.2%","7.1%","6.9%","7.3%","6.7%","6.8%","6.5%","6.7%","7.2%","6.2%","6.5%","6.6%","6.3%","6.6%","6.7%","6.5%","5.8%","6.0%","5.5%","5.6%","5.7%","5.5%","4.8%","5.1%","4.6%","5.6%","5.9%","5.4%","7.0%","7.5%","6.6%","6.0%","6.0%","6.0%","7.5%","8.1%","7.0%","6.4%","6.7%","6.1%","6.5%","6.7%","6.3%","6.6%","7.0%","6.3%","6.9%","6.8%","6.9%","6.3%","6.6%","6.0%","7.0%","7.2%","6.7%","5.2%","5.5%","4.9%","6.3%","6.6%","5.9%","5.5%","5.7%","5.3%","6.0%","6.3%","5.8%","6.5%","6.7%","6.3%","7.2%","7.9%","6.5%","6.5%","6.6%","6.4%","6.3%","6.2%","6.3%","7.0%","7.0%","6.9%","6.6%","6.9%","6.3%","5.2%","5.4%","5.1%","6.1%","6.4%","5.9%","6.8%","7.0%","6.6%","5.7%","6.1%","5.4%","6.4%","6.6%","6.2%","6.6%","6.6%","6.5%","6.2%","6.5%","5.9%","6.9%","7.3%","6.6%","6.1%","6.1%","6.1%","5.9%","6.1%","5.6%","5.8%","5.9%","5.7%","6.3%","6.5%","6.2%","7.0%","7.4%","6.6%","6.3%","6.6%","6.0%","7.5%","7.7%","7.2%","8.7%","8.9%","8.5%","5.1%","5.3%","5.0%","6.3%","6.4%","6.2%","6.4%","6.6%","6.3%","5.6%","5.9%","5.3%","6.3%","6.5%","6.2%","6.7%","6.3%","7.2%","5.8%","6.3%","5.4%"
"    10 to 14 years","6.3%","6.8%","6.0%","6.6%","6.7%","6.5%","6.7%","6.9%","6.5%","6.7%","6.9%","6.5%","6.4%","6.6%","6.2%","6.5%","6.6%","6.5%","6.3%","6.6%","5.9%","6.5%","6.9%","6.1%","3.9%","4.2%","3.7%","5.7%","5.9%","5.4%","6.9%","7.1%","6.8%","6.0%","6.1%","5.8%","7.5%","7.5%","7.5%","6.6%","6.8%","6.4%","6.9%","7.3%","6.5%","6.5%","6.6%","6.4%","7.0%","7.3%","6.6%","6.4%","6.7%","6.2%","6.4%","6.8%","6.0%","5.6%","6.1%","5.2%","6.2%","6.6%","5.9%","5.8%","6.2%","5.5%","6.4%","6.6%","6.2%","6.6%","6.7%","6.5%","6.7%","6.7%","6.7%","6.3%","6.7%","5.9%","6.1%","6.3%","6.0%","6.9%","7.3%","6.6%","6.6%","6.4%","6.7%","6.0%","6.2%","5.8%","6.3%","6.6%","6.1%","6.7%","6.9%","6.5%","5.9%","6.2%","5.6%","6.5%","6.9%","6.1%","5.7%","5.6%","5.8%","6.5%","6.7%","6.2%","6.9%","7.0%","6.7%","5.9%","6.2%","5.6%","5.8%","6.1%","5.6%","5.5%","6.0%","5.0%","6.2%","6.6%","5.8%","6.5%","6.4%","6.6%","6.4%","6.7%","6.2%","7.3%","7.5%","7.1%","8.6%","8.8%","8.3%","5.5%","6.0%","5.1%","6.2%","6.5%","5.9%","6.1%","6.2%","6.0%","5.8%","5.9%","5.7%","6.3%","6.6%","6.0%","6.9%","7.3%","6.5%","6.3%","6.8%","5.8%"
"    15 to 19 years","6.8%","7.1%","6.6%","6.8%","6.9%","6.7%","6.8%","7.0%","6.6%","6.8%","7.4%","6.2%","6.7%","6.9%","6.5%","6.4%","6.6%","6.3%","7.0%","7.3%","6.7%","6.4%","6.7%","6.1%","5.7%","5.7%","5.7%","6.0%","6.2%","5.7%","7.1%","7.5%","6.7%","5.4%","5.5%","5.3%","7.1%","7.2%","7.0%","6.7%","6.9%","6.4%","7.0%","7.2%","6.9%","7.1%","7.5%","6.7%","7.2%","7.4%","6.9%","6.7%","6.9%","6.5%","6.7%","7.1%","6.3%","6.1%","6.5%","5.7%","6.5%","6.7%","6.2%","6.7%","7.0%","6.5%","6.8%","7.1%","6.5%","6.5%","6.7%","6.3%","7.4%","7.8%","7.0%","6.7%","7.1%","6.4%","6.5%","7.0%","6.0%","6.9%","7.0%","6.7%","6.1%","6.3%","5.9%","6.9%","7.0%","6.8%","6.4%","6.8%","6.1%","6.8%","6.9%","6.6%","6.3%","6.7%","6.0%","6.8%","7.1%","6.4%","6.6%","6.8%","6.3%","6.7%","7.0%","6.4%","6.9%","7.2%","6.6%","6.2%","6.4%","5.9%","6.6%","6.9%","6.3%","7.0%","7.2%","6.8%","6.7%","7.3%","6.2%","7.0%","7.4%","6.6%","6.5%","6.9%","6.3%","7.2%","7.4%","6.9%","7.9%","7.9%","7.8%","7.1%","7.5%","6.7%","6.6%","6.9%","6.3%","6.3%","6.5%","6.1%","6.2%","6.6%","5.9%","6.6%","6.8%","6.3%","6.8%","6.5%","7.1%","7.0%","7.4%","6.7%"
"    20 to 24 years","6.8%","7.2%","6.6%","8.5%","9.5%","7.4%","7.0%","7.3%","6.7%","6.7%","6.8%","6.6%","7.4%","7.7%","7.1%","7.0%","7.4%","6.6%","6.9%","7.3%","6.5%","6.7%","7.1%","6.3%","8.7%","8.5%","8.9%","6.3%","6.7%","6.0%","7.1%","7.4%","6.8%","7.3%","8.2%","6.4%","6.7%","6.9%","6.5%","7.0%","7.2%","6.7%","7.3%","7.6%","7.0%","7.1%","7.3%","7.0%","7.4%","8.0%","6.8%","6.8%","7.2%","6.5%","7.1%","7.4%","6.9%","5.9%","6.3%","5.6%","6.7%","7.1%","6.3%","7.3%","7.5%","7.0%","7.2%","7.4%","6.9%","6.6%","6.7%","6.5%","7.2%","7.4%","6.9%","7.0%","7.2%","6.8%","6.9%","7.2%","6.6%","7.3%","7.6%","7.1%","6.5%","6.6%","6.5%","6.7%","7.0%","6.4%","6.4%","6.7%","6.0%","7.2%","7.5%","7.0%","7.1%","7.4%","6.9%","7.0%","7.7%","6.4%","9.2%","9.5%","8.9%","6.7%","6.9%","6.5%","7.2%","7.5%","6.9%","6.6%","6.7%","6.4%","6.6%","7.0%","6.3%","7.5%","7.6%","7.3%","7.1%","7.4%","6.7%","6.9%","7.1%","6.8%","6.9%","7.2%","6.7%","7.3%","7.6%","7.0%","8.4%","8.5%","8.2%","7.4%","7.5%","7.2%","7.1%","7.4%","6.7%","6.8%","7.1%","6.5%","6.3%","6.6%","6.0%","7.0%","7.2%","6.9%","6.7%","7.4%","6.1%","7.3%","7.8%","6.9%"
"    25 to 29 years","6.5%","6.6%","6.5%","8.5%","8.7%","8.3%","6.8%","7.2%","6.5%","6.6%","6.5%","6.7%","7.7%","7.9%","7.4%","7.7%","7.9%","7.4%","6.1%","6.4%","5.9%","6.9%","7.0%","6.7%","11.6%","11.3%","11.9%","6.6%","6.8%","6.3%","6.9%","7.1%","6.7%","7.9%","8.6%","7.2%","6.5%","6.6%","6.5%","6.9%","7.0%","6.7%","6.4%","6.6%","6.3%","6.1%","6.2%","6.1%","6.5%","6.8%","6.3%","6.5%","6.6%","6.4%","7.2%","7.2%","7.3%","5.7%","5.7%","5.7%","7.0%","7.2%","6.9%","7.1%","7.3%","6.9%","6.3%","6.5%","6.1%","6.6%","6.7%","6.4%","6.4%","6.7%","6.1%","6.6%","6.7%","6.4%","6.1%","6.1%","6.1%","6.3%","6.6%","6.1%","7.3%","7.4%","7.1%","5.9%","6.1%","5.7%","6.4%","6.7%","6.1%","6.6%","7.0%","6.1%","7.5%","7.8%","7.3%","6.6%","6.7%","6.6%","7.9%","8.7%","7.0%","6.6%","6.8%","6.4%","6.9%","7.0%","6.7%","6.8%","7.0%","6.6%","6.7%","6.9%","6.5%","7.1%","7.4%","6.9%","6.7%","6.9%","6.5%","6.5%","6.6%","6.3%","6.7%","6.7%","6.6%","7.3%","7.5%","7.1%","7.2%","7.2%","7.2%","5.5%","5.7%","5.3%","7.1%","7.3%","6.9%","7.4%","7.6%","7.1%","6.1%","6.1%","6.0%","6.1%","6.3%","5.9%","7.0%","7.1%","6.9%","6.3%","6.6%","6.0%"
"    30 to 34 years","6.3%","6.4%","6.2%","7.6%","7.7%","7.4%","6.6%","6.8%","6.4%","6.3%","6.5%","6.2%","7.2%","7.5%","7.0%","7.5%","7.7%","7.3%","6.2%","6.4%","6.1%","6.3%","6.3%","6.2%","11.1%","11.1%","11.0%","6.2%","6.3%","6.1%","6.7%","6.7%","6.7%","7.2%","7.6%","6.9%","6.6%","6.7%","6.5%","6.9%","7.1%","6.8%","6.3%","6.4%","6.2%","6.4%","6.6%","6.3%","6.7%","6.8%","6.6%","6.2%","6.3%","6.1%","7.1%","7.2%","7.1%","5.7%","5.7%","5.7%","6.8%","6.9%","6.8%","6.7%","6.8%","6.6%","6.0%","6.1%","5.9%","7.0%","7.1%","6.9%","6.1%","6.1%","6.1%","6.5%","6.6%","6.4%","6.4%","6.6%","6.2%","7.0%","7.1%","6.9%","7.0%","7.0%","6.9%","5.8%","6.0%","5.6%","6.5%","6.7%","6.3%","6.5%","6.7%","6.3%","7.0%","7.1%","6.8%","6.3%","6.3%","6.3%","7.2%","7.6%","6.7%","6.2%","6.3%","6.1%","6.9%","7.0%","6.7%","6.9%","7.0%","6.9%","6.2%","6.4%","6.0%","6.4%","6.6%","6.2%","6.2%","6.4%","6.1%","6.6%","6.7%","6.5%","6.5%","6.5%","6.4%","7.2%","7.3%","7.1%","7.5%","7.6%","7.4%","5.8%","5.8%","5.7%","6.9%","7.1%","6.8%","7.3%","7.4%","7.1%","5.8%","5.9%","5.7%","6.4%","6.6%","6.3%","7.1%","7.0%","7.2%","5.9%","5.8%","5.9%"
"    35 to 39 years","6.3%","6.3%","6.3%","6.6%","6.7%","6.5%","6.3%","6.4%","6.1%","6.2%","6.3%","6.1%","6.7%","6.8%","6.6%","7.0%","7.1%","6.9%","5.8%","6.1%","5.5%","6.2%","6.5%","6.0%","7.9%","8.1%","7.7%","6.0%","6.1%","5.9%","6.8%","6.7%","6.8%","6.2%","6.4%","6.0%","6.5%","6.7%","6.3%","6.6%","6.7%","6.6%","6.3%","6.4%","6.2%","6.0%","6.1%","5.9%","6.1%","6.2%","6.1%","6.3%","6.4%","6.1%","6.4%","6.8%","6.1%","5.3%","5.4%","5.2%","6.5%","6.5%","6.5%","6.1%","6.3%","6.0%","5.8%","5.9%","5.8%","6.3%","6.6%","6.1%","6.4%","6.5%","6.3%","6.2%","6.2%","6.1%","6.1%","6.0%","6.2%","6.5%","6.6%","6.5%","6.7%","6.9%","6.5%","5.4%","5.5%","5.3%","6.4%","6.5%","6.4%","6.0%","6.4%","5.5%","6.4%","6.4%","6.3%","6.3%","6.4%","6.3%","5.9%","6.2%","5.6%","6.0%","6.1%","5.8%","6.1%","6.3%","5.9%","7.1%","7.3%","6.8%","5.8%","5.9%","5.6%","5.9%","5.9%","5.9%","6.0%","5.9%","6.0%","6.0%","6.1%","5.8%","6.2%","6.2%","6.2%","6.8%","6.9%","6.8%","7.4%","7.5%","7.3%","5.9%","5.6%","6.1%","6.7%","6.7%","6.6%","6.6%","6.7%","6.4%","6.1%","6.2%","6.1%","6.0%","6.1%","5.9%","6.7%","7.0%","6.4%","6.4%","6.3%","6.5%"
"    40 to 44 years","6.3%","6.4%","6.3%","5.8%","5.6%","6.0%","6.1%","6.2%","6.1%","6.1%","6.2%","6.1%","6.6%","6.6%","6.6%","6.5%","6.8%","6.3%","6.2%","5.9%","6.5%","5.5%","5.3%","5.7%","6.4%","7.0%","6.0%","6.1%","6.2%","6.1%","6.8%","6.8%","6.9%","6.2%","6.2%","6.2%","5.9%","5.8%","5.9%","6.4%","6.5%","6.2%","6.2%","6.3%","6.0%","5.8%","5.9%","5.6%","5.8%","5.9%","5.7%","6.5%","6.6%","6.3%","5.9%","5.9%","6.0%","6.2%","6.1%","6.2%","6.3%","6.4%","6.2%","6.2%","6.2%","6.3%","6.0%","6.1%","6.0%","6.0%","6.0%","6.0%","6.5%","6.4%","6.6%","5.9%","6.0%","5.7%","5.4%","5.7%","5.1%","5.7%","6.0%","5.4%","6.7%","6.7%","6.8%","6.3%","6.3%","6.4%","6.6%","6.7%","6.5%","5.8%","5.7%","6.0%","6.3%","6.3%","6.2%","6.7%","6.7%","6.7%","5.6%","5.9%","5.2%","6.1%","6.1%","6.1%","6.2%","6.1%","6.2%","6.0%","6.1%","6.0%","5.9%","6.0%","5.9%","5.8%","6.1%","5.6%","6.3%","6.3%","6.3%","5.5%","5.7%","5.2%","6.5%","6.7%","6.3%","6.7%","6.8%","6.7%","6.1%","6.1%","6.0%","5.3%","5.5%","5.0%","6.4%","6.5%","6.3%","6.3%","6.4%","6.3%","6.4%","6.6%","6.1%","6.1%","6.2%","5.9%","5.6%","5.8%","5.5%","6.5%","6.6%","6.4%"
"    45 to 49 years","6.3%","6.3%","6.2%","5.9%","5.7%","6.1%","6.0%","6.1%","6.0%","6.1%","6.3%","6.0%","6.6%","6.7%","6.6%","6.4%","6.4%","6.3%","7.2%","7.1%","7.2%","6.5%","6.4%","6.5%","5.8%","6.1%","5.5%","6.4%","6.5%","6.4%","6.8%","6.9%","6.8%","6.0%","6.0%","6.1%","5.8%","5.9%","5.8%","6.6%","6.6%","6.5%","6.3%","6.4%","6.3%","6.0%","6.1%","5.9%","5.8%","5.9%","5.7%","6.4%","6.5%","6.4%","6.0%","5.9%","6.2%","6.8%","6.9%","6.8%","6.9%","6.9%","6.9%","6.9%","6.9%","6.9%","6.6%","6.7%","6.5%","6.4%","6.5%","6.3%","6.0%","5.9%","6.1%","6.2%","6.2%","6.1%","5.7%","5.8%","5.5%","5.7%","5.6%","5.7%","6.8%","6.9%","6.6%","7.2%","7.1%","7.2%","7.2%","7.1%","7.2%","5.7%","5.7%","5.7%","6.8%","6.8%","6.7%","6.7%","6.7%","6.6%","5.2%","5.3%","5.1%","6.4%","6.5%","6.4%","5.8%","5.8%","5.8%","6.3%","6.4%","6.2%","6.6%","6.7%","6.5%","6.7%","6.7%","6.7%","6.4%","6.4%","6.4%","5.5%","5.5%","5.6%","6.6%","6.6%","6.5%","6.3%","6.3%","6.3%","5.2%","5.3%","5.1%","6.7%","6.7%","6.7%","6.7%","6.7%","6.8%","6.4%","6.5%","6.3%","6.4%","6.6%","6.2%","6.5%","6.6%","6.4%","5.4%","5.4%","5.4%","6.4%","6.4%","6.5%"
"    50 to 54 years","7.0%","7.0%","7.0%","6.7%","6.7%","6.7%","6.3%","6.2%","6.4%","6.8%","6.7%","6.8%","6.8%","6.7%","6.8%","6.7%","6.6%","6.8%","7.8%","7.7%","7.9%","7.2%","7.3%","7.2%","5.7%","6.1%","5.4%","7.1%","7.1%","7.1%","6.9%","6.8%","6.9%","6.2%","6.1%","6.2%","6.2%","6.1%","6.3%","7.0%","7.0%","7.0%","6.9%","6.9%","6.9%","6.8%","6.8%","6.7%","6.6%","6.6%","6.7%","7.2%","7.2%","7.2%","6.7%","6.7%","6.8%","7.9%","7.9%","7.9%","7.6%","7.5%","7.6%","7.5%","7.5%","7.4%","7.3%","7.3%","7.3%","7.2%","7.2%","7.2%","6.6%","6.6%","6.5%","7.1%","7.2%","7.1%","6.8%","6.7%","6.9%","6.5%","6.6%","6.5%","6.8%","6.8%","6.7%","8.3%","8.3%","8.3%","7.6%","7.6%","7.6%","6.7%","6.5%","6.8%","7.2%","7.2%","7.2%","6.9%","6.9%","7.0%","6.5%","6.4%","6.6%","7.1%","7.2%","7.1%","6.5%","6.5%","6.5%","6.5%","6.5%","6.5%","7.3%","7.3%","7.3%","7.4%","7.4%","7.5%","6.9%","6.9%","7.0%","6.7%","6.8%","6.6%","7.0%","6.9%","7.0%","6.4%","6.4%","6.4%","5.1%","5.0%","5.1%","7.8%","7.6%","8.0%","7.2%","7.2%","7.3%","6.8%","6.8%","6.8%","7.0%","7.0%","7.0%","7.4%","7.4%","7.3%","6.5%","6.3%","6.8%","6.7%","6.4%","6.9%"
"    55 to 59 years","6.9%","6.9%","6.9%","6.9%","6.5%","7.3%","6.1%","5.9%","6.3%","6.7%","6.5%","6.8%","6.3%","6.2%","6.4%","6.5%","6.4%","6.5%","7.5%","7.5%","7.5%","7.0%","6.7%","7.3%","5.6%","5.9%","5.4%","6.7%","6.6%","6.8%","6.3%","6.2%","6.4%","6.8%","6.7%","6.9%","6.2%","6.0%","6.5%","6.8%","6.8%","6.9%","6.8%","6.7%","7.0%","6.7%","6.7%","6.7%","6.7%","6.7%","6.7%","7.0%","6.9%","7.1%","6.7%","6.6%","6.8%","8.3%","8.1%","8.5%","7.0%","7.0%","7.0%","7.0%","7.0%","7.0%","7.4%","7.3%","7.4%","7.1%","7.0%","7.2%","6.8%","6.8%","6.8%","7.0%","6.8%","7.3%","7.2%","6.9%","7.5%","6.7%","6.5%","6.8%","6.3%","6.3%","6.3%","8.3%","8.3%","8.3%","7.2%","7.2%","7.2%","6.8%","6.7%","7.0%","6.8%","6.8%","6.9%","6.7%","6.5%","6.8%","6.6%","6.4%","6.8%","7.2%","7.1%","7.3%","6.5%","6.4%","6.6%","6.6%","6.4%","6.7%","7.4%","7.4%","7.4%","7.5%","7.7%","7.3%","6.8%","6.4%","7.1%","7.0%","7.0%","7.0%","7.0%","6.8%","7.1%","5.9%","5.9%","6.0%","4.8%","4.6%","5.1%","7.9%","7.9%","7.9%","6.7%","6.6%","6.9%","6.8%","6.7%","6.9%","7.2%","7.2%","7.1%","7.4%","7.4%","7.4%","7.4%","7.2%","7.7%","6.2%","5.9%","6.5%"
"    60 to 64 years","6.3%","6.1%","6.4%","6.0%","6.2%","5.8%","5.8%","5.5%","6.1%","5.9%","5.7%","6.0%","5.5%","5.3%","5.7%","6.1%","5.8%","6.3%","6.4%","6.2%","6.5%","6.5%","6.3%","6.7%","4.8%","4.5%","5.1%","6.4%","6.0%","6.7%","5.5%","5.2%","5.8%","5.8%","5.5%","6.1%","6.0%","6.1%","6.0%","6.0%","5.8%","6.1%","6.1%","6.1%","6.1%","6.5%","6.5%","6.5%","5.9%","5.7%","6.2%","6.3%","6.2%","6.4%","6.1%","6.0%","6.1%","7.5%","7.5%","7.5%","6.0%","5.7%","6.3%","6.3%","6.2%","6.4%","6.6%","6.5%","6.7%","6.2%","6.3%","6.1%","5.8%","5.6%","6.0%","6.3%","6.3%","6.2%","7.4%","7.3%","7.6%","5.9%","5.9%","5.8%","6.0%","5.7%","6.3%","6.9%","6.8%","7.0%","5.9%","5.7%","6.1%","6.2%","5.9%","6.5%","6.0%","5.9%","6.1%","6.0%","5.7%","6.2%","6.0%","6.1%","6.0%","6.5%","6.5%","6.6%","5.9%","5.7%","6.1%","7.0%","6.8%","7.1%","6.6%","6.5%","6.7%","6.1%","5.8%","6.5%","6.4%","6.1%","6.6%","6.2%","6.1%","6.4%","6.0%","5.9%","6.1%","5.2%","5.0%","5.4%","4.6%","4.6%","4.7%","7.7%","7.6%","7.8%","5.9%","5.7%","6.1%","6.1%","5.9%","6.4%","7.4%","7.3%","7.5%","6.4%","6.4%","6.4%","6.5%","6.8%","6.3%","6.2%","5.9%","6.4%"
"    65 to 69 years","5.4%","5.2%","5.5%","4.0%","4.0%","4.1%","5.3%","5.0%","5.7%","5.3%","5.1%","5.4%","4.5%","4.3%","4.7%","4.8%","4.6%","5.0%","5.0%","4.8%","5.1%","5.9%","5.4%","6.3%","3.7%","3.0%","4.4%","6.0%","5.7%","6.2%","4.6%","4.4%","4.8%","5.6%","5.3%","5.8%","5.1%","5.2%","5.0%","4.7%","4.5%","4.9%","4.8%","4.7%","5.0%","4.9%","4.8%","5.0%","4.7%","4.5%","4.8%","5.3%","5.0%","5.5%","4.9%","4.8%","5.0%","6.5%","6.5%","6.6%","4.9%","4.7%","5.1%","5.0%","4.8%","5.2%","5.4%","5.2%","5.6%","4.8%","4.7%","4.9%","5.0%","4.9%","5.2%","5.1%","4.9%","5.3%","6.0%","6.3%","5.7%","4.6%","4.4%","4.7%","5.3%","5.1%","5.4%","5.7%","5.6%","5.9%","4.9%","4.6%","5.2%","5.4%","5.0%","5.8%","4.9%","4.7%","5.2%","5.3%","5.1%","5.5%","4.2%","4.4%","4.0%","5.4%","5.2%","5.5%","4.9%","4.6%","5.2%","5.9%","5.7%","6.1%","5.4%","5.3%","5.6%","5.2%","5.1%","5.3%","5.9%","5.6%","6.2%","4.9%","5.3%","4.6%","5.4%","5.3%","5.6%","4.1%","3.9%","4.3%","3.5%","3.4%","3.7%","6.3%","6.3%","6.3%","5.0%","4.7%","5.2%","5.2%","5.0%","5.3%","6.4%","6.1%","6.6%","5.2%","5.2%","5.2%","4.9%","5.2%","4.7%","5.9%","5.6%","6.2%"
"    70 to 74 years","3.9%","3.6%","4.1%","2.5%","2.4%","2.6%","4.2%","4.1%","4.4%","4.1%","3.8%","4.3%","3.1%","2.9%","3.4%","3.2%","3.0%","3.4%","3.8%","3.5%","4.1%","4.3%","4.3%","4.2%","2.8%","2.9%","2.8%","4.8%","4.6%","5.0%","3.3%","3.1%","3.5%","3.8%","3.6%","4.0%","3.7%","3.3%","4.0%","3.4%","3.2%","3.6%","3.6%","3.4%","3.8%","3.7%","3.5%","3.8%","3.4%","3.2%","3.6%","3.8%","3.6%","4.0%","3.4%","3.0%","3.7%","4.5%","4.3%","4.6%","3.4%","3.2%","3.6%","3.7%","3.4%","3.9%","3.7%","3.6%","3.9%","3.4%","3.3%","3.6%","3.7%","3.5%","4.0%","3.8%","3.6%","4.0%","4.2%","3.9%","4.6%","3.5%","3.3%","3.7%","3.9%","3.8%","4.0%","4.0%","3.9%","4.1%","3.5%","3.3%","3.7%","4.0%","3.9%","4.1%","3.5%","3.2%","3.7%","3.7%","3.4%","4.0%","3.2%","2.8%","3.7%","3.6%","3.4%","3.9%","3.6%","3.4%","3.9%","3.9%","3.8%","4.0%","3.9%","3.6%","4.2%","3.8%","3.5%","4.0%","4.1%","4.0%","4.2%","3.6%","3.2%","3.9%","3.8%","3.6%","3.9%","2.9%","2.7%","3.1%","2.5%","2.4%","2.6%","4.0%","3.9%","4.1%","3.5%","3.3%","3.7%","3.6%","3.4%","3.7%","4.3%","4.3%","4.4%","3.5%","3.3%","3.8%","3.5%","3.3%","3.7%","4.4%","4.1%","4.6%"
"    75 to 79 years","2.8%","2.4%","3.2%","1.3%","1.2%","1.4%","3.0%","2.9%","3.1%","2.7%","2.5%","2.9%","2.2%","2.0%","2.5%","2.1%","1.9%","2.3%","2.6%","2.3%","2.8%","2.9%","2.5%","3.1%","1.8%","1.5%","2.1%","3.5%","3.4%","3.7%","2.1%","1.9%","2.3%","2.5%","2.3%","2.7%","2.6%","2.5%","2.7%","2.4%","2.2%","2.7%","2.6%","2.3%","2.8%","2.8%","2.5%","3.1%","2.5%","2.2%","2.8%","2.6%","2.3%","2.9%","2.4%","2.2%","2.6%","3.2%","3.1%","3.4%","2.4%","2.1%","2.6%","2.4%","2.2%","2.7%","2.7%","2.5%","2.9%","2.5%","2.2%","2.8%","2.6%","2.4%","2.8%","2.7%","2.5%","2.9%","2.9%","2.8%","3.0%","2.5%","2.2%","2.8%","2.6%","2.5%","2.7%","2.8%","2.5%","3.1%","2.4%","2.2%","2.7%","2.7%","2.5%","2.9%","2.6%","2.3%","2.8%","2.6%","2.3%","2.9%","2.2%","2.1%","2.4%","2.7%","2.3%","3.0%","2.7%","2.3%","3.0%","2.7%","2.5%","2.9%","2.9%","2.6%","3.2%","2.5%","2.3%","2.7%","2.7%","2.5%","2.9%","2.6%","2.3%","2.9%","2.6%","2.4%","2.8%","2.0%","1.8%","2.2%","1.8%","1.6%","1.9%","2.7%","2.4%","3.0%","2.4%","2.2%","2.6%","2.3%","2.2%","2.5%","3.1%","2.8%","3.3%","2.7%","2.4%","2.9%","2.3%","2.2%","2.3%","3.3%","2.9%","3.6%"
"    80 to 84 years","1.9%","1.6%","2.2%","1.0%","0.8%","1.3%","1.9%","1.8%","2.1%","2.0%","1.6%","2.3%","1.6%","1.4%","1.9%","1.5%","1.2%","1.7%","1.9%","1.6%","2.3%","1.9%","1.8%","2.1%","1.3%","1.0%","1.6%","2.5%","2.3%","2.8%","1.4%","1.2%","1.7%","1.9%","1.5%","2.4%","1.7%","1.6%","1.8%","1.8%","1.4%","2.1%","1.7%","1.4%","2.1%","2.1%","1.8%","2.4%","2.0%","1.7%","2.3%","1.8%","1.5%","2.0%","1.8%","1.4%","2.1%","2.2%","1.9%","2.5%","1.7%","1.4%","1.9%","2.0%","1.6%","2.3%","1.9%","1.6%","2.2%","1.9%","1.6%","2.1%","1.7%","1.4%","2.1%","2.0%","1.6%","2.3%","2.2%","1.9%","2.4%","1.9%","1.6%","2.2%","1.6%","1.5%","1.7%","1.8%","1.5%","2.0%","1.9%","1.5%","2.3%","1.9%","1.6%","2.1%","1.8%","1.5%","2.1%","1.8%","1.5%","2.1%","2.0%","1.6%","2.4%","2.0%","1.7%","2.3%","1.8%","1.5%","2.1%","1.8%","1.6%","2.0%","2.2%","1.8%","2.6%","2.0%","1.8%","2.3%","1.8%","1.4%","2.1%","2.2%","1.7%","2.6%","1.8%","1.5%","2.1%","1.4%","1.2%","1.6%","1.3%","1.2%","1.5%","2.2%","2.1%","2.4%","1.7%","1.4%","1.9%","1.6%","1.5%","1.8%","2.2%","1.9%","2.6%","1.9%","1.7%","2.2%","1.7%","1.5%","2.0%","2.3%","2.1%","2.4%"
"    85 years and over","1.7%","1.1%","2.2%","0.8%","0.6%","1.0%","1.9%","1.5%","2.3%","2.0%","1.5%","2.5%","1.8%","1.3%","2.2%","1.5%","1.2%","1.9%","2.5%","1.7%","3.2%","2.1%","1.6%","2.5%","1.7%","1.3%","2.2%","2.6%","2.0%","3.2%","1.3%","0.8%","1.7%","2.8%","2.0%","3.5%","1.6%","1.1%","2.1%","1.9%","1.3%","2.5%","1.9%","1.2%","2.5%","2.5%","1.7%","3.4%","2.1%","1.4%","2.7%","1.7%","1.1%","2.4%","1.6%","1.1%","2.1%","2.4%","1.6%","3.1%","1.8%","1.2%","2.3%","2.3%","1.5%","3.0%","2.1%","1.4%","2.7%","2.1%","1.5%","2.7%","1.6%","1.0%","2.2%","2.0%","1.4%","2.7%","2.0%","1.5%","2.6%","2.3%","1.6%","2.9%","1.3%","1.0%","1.6%","2.1%","1.5%","2.7%","2.2%","1.5%","2.9%","1.9%","1.4%","2.3%","2.2%","1.4%","2.9%","1.7%","1.1%","2.2%","2.5%","1.5%","3.5%","2.2%","1.5%","2.9%","1.7%","1.3%","2.1%","2.0%","1.4%","2.6%","2.5%","1.7%","3.3%","2.6%","1.5%","3.7%","1.7%","1.2%","2.2%","2.4%","1.8%","3.1%","1.7%","1.1%","2.3%","1.3%","0.9%","1.7%","1.1%","0.9%","1.4%","2.3%","1.6%","3.0%","1.7%","1.2%","2.2%","1.8%","1.2%","2.4%","2.2%","1.5%","2.9%","2.2%","1.4%","3.0%","1.7%","1.1%","2.2%","2.2%","1.6%","2.6%"
"SELECTED AGE CATEGORIES","","","","","","","","","","","","","","","","","","","","","","","","","","","","","","","","","","","","","","","","","","","","","","","","","","","","","","","","","","","","","","","","","","","","","","","","","","","","","","","","","","","","","","","","","","","","","","","","","","","","","","","","","","","","","","","","","","","","","","","","","","","","","","","","","","","","","","","","","","","","","","","","","","","","","","","","","","","",""
"    5 to 14 years","12.9%","13.6%","12.2%","13.7%","13.6%","13.8%","13.4%","13.8%","13.1%","13.4%","14.1%","12.7%","12.9%","13.3%","12.6%","13.1%","13.3%","13.0%","12.0%","12.7%","11.5%","12.0%","12.5%","11.6%","8.8%","9.3%","8.3%","11.3%","11.8%","10.8%","14.0%","14.6%","13.4%","12.0%","12.1%","11.8%","15.0%","15.5%","14.5%","13.0%","13.5%","12.5%","13.4%","14.0%","12.8%","13.1%","13.6%","12.7%","13.8%","14.1%","13.5%","12.7%","13.2%","12.2%","13.4%","14.0%","12.7%","10.9%","11.6%","10.2%","12.5%","13.2%","11.8%","11.3%","11.9%","10.8%","12.4%","12.9%","12.0%","13.1%","13.4%","12.7%","13.9%","14.6%","13.2%","12.8%","13.3%","12.3%","12.4%","12.5%","12.3%","13.9%","14.3%","13.5%","13.2%","13.3%","13.1%","11.2%","11.5%","11.0%","12.4%","13.0%","11.9%","13.5%","13.9%","13.1%","11.6%","12.2%","11.0%","12.9%","13.6%","12.3%","12.3%","12.2%","12.4%","12.7%","13.3%","12.1%","13.8%","14.3%","13.3%","12.0%","12.3%","11.7%","11.7%","12.2%","11.2%","11.3%","11.9%","10.7%","12.5%","13.1%","12.0%","13.5%","13.9%","13.2%","12.7%","13.3%","12.2%","14.8%","15.2%","14.4%","17.3%","17.7%","16.8%","10.7%","11.3%","10.1%","12.5%","12.9%","12.0%","12.5%","12.8%","12.2%","11.4%","11.8%","11.0%","12.7%","13.1%","12.2%","13.6%","13.6%","13.7%","12.1%","13.1%","11.2%"
"    15 to 17 years","4.0%","4.2%","3.9%","4.1%","4.0%","4.3%","4.0%","4.1%","3.9%","4.0%","4.4%","3.6%","4.0%","4.1%","3.8%","3.8%","3.9%","3.7%","4.0%","4.2%","3.8%","3.7%","4.0%","3.4%","2.3%","2.6%","2.1%","3.6%","3.7%","3.4%","4.2%","4.4%","3.9%","3.3%","3.3%","3.3%","4.3%","4.5%","4.2%","4.0%","4.2%","3.8%","4.2%","4.2%","4.1%","4.0%","4.1%","3.8%","4.2%","4.3%","4.0%","3.9%","4.1%","3.8%","4.0%","4.2%","3.8%","3.6%","3.8%","3.4%","3.9%","4.0%","3.7%","3.7%","3.9%","3.5%","4.1%","4.2%","3.9%","3.9%","4.0%","3.8%","4.1%","4.4%","3.9%","4.0%","4.2%","3.7%","3.7%","3.9%","3.4%","4.0%","4.2%","3.9%","3.8%","3.9%","3.8%","3.8%","3.9%","3.7%","4.0%","4.2%","3.7%","4.0%","4.1%","3.9%","3.7%","3.9%","3.5%","3.9%","4.1%","3.7%","3.4%","3.6%","3.3%","4.0%","4.2%","3.8%","4.0%","4.2%","3.9%","3.7%","3.9%","3.5%","3.7%","3.9%","3.6%","3.6%","3.8%","3.5%","3.8%","4.2%","3.5%","4.0%","4.2%","3.7%","3.9%","4.1%","3.7%","4.3%","4.5%","4.2%","4.8%","4.9%","4.7%","3.7%","3.8%","3.7%","3.7%","3.9%","3.6%","3.8%","3.9%","3.7%","3.6%","3.7%","3.6%","3.9%","4.0%","3.8%","3.7%","3.6%","3.7%","4.1%","4.4%","3.9%"
"    18 to 24 years","9.6%","10.0%","9.3%","11.2%","12.4%","9.8%","9.8%","10.2%","9.4%","9.6%","9.9%","9.2%","10.1%","10.5%","9.7%","9.7%","10.1%","9.2%","9.8%","10.4%","9.3%","9.4%","9.8%","9.0%","12.1%","11.6%","12.6%","8.8%","9.2%","8.3%","10.1%","10.5%","9.7%","9.4%","10.4%","8.4%","9.5%","9.6%","9.3%","9.6%","10.0%","9.3%","10.2%","10.6%","9.9%","10.3%","10.7%","9.9%","10.4%","11.0%","9.8%","9.6%","10.0%","9.2%","9.8%","10.3%","9.4%","8.4%","8.9%","8.0%","9.3%","9.7%","8.8%","10.3%","10.6%","10.0%","9.9%","10.3%","9.6%","9.2%","9.4%","9.0%","10.4%","10.8%","10.1%","9.8%","10.2%","9.4%","9.7%","10.3%","9.1%","10.2%","10.5%","9.9%","8.8%","9.0%","8.6%","9.8%","10.1%","9.5%","8.8%","9.3%","8.4%","10.0%","10.3%","9.7%","9.8%","10.1%","9.5%","9.9%","10.7%","9.1%","12.4%","12.7%","12.0%","9.4%","9.7%","9.0%","10.0%","10.5%","9.6%","9.0%","9.2%","8.8%","9.5%","9.9%","9.1%","10.8%","11.1%","10.6%","9.9%","10.5%","9.4%","10.0%","10.3%","9.7%","9.6%","10.0%","9.2%","10.1%","10.5%","9.8%","11.4%","11.5%","11.3%","10.7%","11.3%","10.2%","9.9%","10.3%","9.4%","9.3%","9.7%","8.9%","8.9%","9.5%","8.4%","9.7%","9.9%","9.5%","9.9%","10.3%","9.5%","10.2%","10.8%","9.7%"
"    15 to 44 years","39.1%","39.8%","38.5%","43.8%","45.2%","42.3%","39.6%","40.8%","38.4%","38.8%","39.7%","37.9%","42.2%","43.3%","41.1%","42.1%","43.5%","40.8%","38.2%","39.4%","37.1%","37.9%","38.9%","37.0%","51.5%","51.7%","51.3%","37.3%","38.4%","36.1%","41.4%","42.2%","40.6%","40.3%","42.5%","38.0%","39.3%","39.9%","38.7%","40.4%","41.4%","39.4%","39.5%","40.4%","38.7%","38.6%","39.6%","37.6%","39.7%","41.1%","38.3%","39.0%","40.0%","38.0%","40.6%","41.4%","39.7%","35.0%","35.7%","34.2%","39.8%","40.8%","38.9%","40.2%","41.2%","39.3%","38.1%","39.1%","37.2%","39.0%","39.8%","38.3%","39.9%","40.9%","39.0%","38.9%","39.9%","37.9%","37.3%","38.5%","36.1%","39.8%","40.9%","38.6%","40.3%","40.8%","39.7%","37.0%","37.9%","36.1%","38.7%","40.0%","37.5%","38.9%","40.2%","37.5%","40.6%","41.7%","39.7%","39.8%","40.8%","38.8%","42.3%","44.6%","39.9%","38.3%","39.2%","37.3%","40.0%","41.1%","39.0%","39.5%","40.5%","38.6%","37.8%","39.0%","36.7%","39.7%","40.8%","38.7%","38.9%","40.2%","37.8%","38.4%","39.6%","37.3%","39.3%","40.2%","38.5%","42.5%","43.4%","41.6%","44.4%","44.9%","43.9%","36.9%","37.8%","36.1%","40.7%","41.8%","39.6%","40.7%","41.8%","39.6%","36.9%","37.9%","35.8%","38.2%","39.1%","37.4%","39.9%","40.7%","39.1%","39.4%","40.5%","38.4%"
"    16 years and over","79.8%","78.7%","80.9%","77.4%","77.7%","77.1%","79.0%","78.4%","79.5%","79.0%","78.1%","79.9%","79.4%","78.8%","79.9%","79.4%","79.1%","79.7%","81.4%","80.5%","82.3%","80.9%","79.8%","82.0%","83.9%","82.8%","84.9%","82.1%","81.3%","82.8%","78.3%","77.3%","79.3%","80.5%","80.3%","80.7%","76.8%","76.2%","77.4%","79.6%","78.8%","80.4%","78.8%","78.0%","79.6%","79.2%","78.6%","79.8%","78.0%","77.5%","78.4%","79.8%","79.0%","80.6%","78.7%","77.6%","79.8%","83.0%","82.0%","84.0%","80.2%","79.0%","81.2%","82.1%","81.2%","83.0%","80.4%","79.6%","81.2%","79.2%","78.5%","79.9%","78.4%","77.4%","79.3%","79.8%","78.9%","80.6%","80.3%","80.2%","80.5%","77.9%","77.2%","78.5%","79.3%","79.1%","79.5%","82.8%","82.1%","83.5%","80.3%","79.4%","81.2%","78.8%","78.2%","79.3%","81.2%","80.1%","82.1%","79.8%","78.7%","80.8%","79.7%","80.0%","79.4%","80.0%","79.1%","80.9%","78.1%","77.2%","78.9%","81.1%","80.6%","81.7%","81.5%","80.6%","82.3%","82.4%","81.5%","83.2%","80.3%","79.3%","81.3%","78.2%","77.6%","78.8%","80.0%","79.1%","80.8%","76.6%","76.0%","77.2%","72.8%","72.2%","73.3%","83.3%","82.3%","84.3%","80.2%","79.4%","80.9%","80.1%","79.7%","80.5%","81.8%","81.3%","82.2%","80.2%","79.6%","80.8%","78.6%","78.4%","78.8%","81.6%","80.1%","82.9%"
"    18 years and over","77.2%","76.0%","78.3%","74.8%","75.3%","74.2%","76.3%","75.6%","76.9%","76.3%","75.1%","77.4%","76.7%","76.1%","77.4%","77.0%","76.6%","77.3%","78.7%","77.7%","79.8%","78.4%","77.2%","79.5%","82.5%","81.2%","83.6%","79.8%","78.9%","80.6%","75.5%","74.3%","76.7%","78.3%","78.1%","78.4%","73.9%","73.2%","74.5%","77.0%","76.1%","77.8%","76.1%","75.3%","77.0%","76.7%","76.0%","77.4%","75.3%","74.7%","75.9%","77.2%","76.2%","78.0%","76.1%","74.9%","77.3%","80.8%","79.7%","81.8%","77.6%","76.4%","78.7%","79.6%","78.5%","80.6%","77.7%","76.9%","78.6%","76.6%","75.9%","77.4%","75.7%","74.5%","76.8%","77.1%","76.1%","78.1%","78.1%","77.8%","78.4%","75.2%","74.5%","75.9%","76.9%","76.5%","77.2%","80.2%","79.5%","80.9%","77.7%","76.6%","78.7%","76.0%","75.3%","76.8%","78.7%","77.5%","79.8%","77.2%","76.1%","78.3%","77.4%","77.6%","77.2%","77.4%","76.3%","78.3%","75.4%","74.5%","76.3%","78.6%","77.9%","79.3%","79.0%","78.0%","79.9%","79.9%","78.8%","81.0%","77.8%","76.5%","79.0%","75.6%","74.9%","76.3%","77.4%","76.4%","78.3%","73.8%","73.0%","74.5%","69.5%","68.9%","70.2%","80.8%","80.0%","81.6%","77.7%","76.8%","78.5%","77.5%","77.0%","78.0%","79.4%","78.9%","79.9%","77.6%","76.9%","78.3%","76.2%","76.0%","76.4%","78.8%","77.1%","80.3%"
"    60 years and over","21.9%","20.1%","23.7%","15.6%","15.2%","16.1%","22.2%","20.7%","23.7%","21.9%","20.2%","23.6%","18.7%","17.1%","20.3%","19.1%","17.6%","20.6%","22.1%","20.2%","23.9%","23.5%","22.0%","24.9%","16.2%","14.1%","18.1%","25.8%","23.9%","27.6%","18.3%","16.6%","19.9%","22.4%","20.2%","24.6%","20.7%","19.9%","21.5%","20.2%","18.4%","21.9%","20.7%","19.0%","22.3%","22.5%","20.8%","24.2%","20.6%","18.6%","22.5%","21.5%","19.8%","23.2%","20.0%","18.4%","21.6%","26.3%","24.9%","27.7%","20.1%","18.3%","21.9%","21.7%","19.8%","23.5%","22.4%","20.7%","24.1%","20.8%","19.5%","22.2%","20.6%","18.7%","22.3%","21.9%","20.2%","23.5%","24.8%","23.7%","25.8%","20.6%","19.0%","22.1%","20.6%","19.5%","21.7%","23.3%","21.9%","24.6%","20.9%","18.8%","22.9%","22.0%","20.4%","23.7%","21.0%","19.0%","22.9%","21.1%","19.2%","22.9%","20.2%","18.5%","22.1%","22.4%","20.5%","24.1%","20.7%","18.9%","22.4%","23.4%","21.9%","24.7%","23.6%","21.6%","25.6%","22.3%","20.0%","24.4%","22.6%","20.9%","24.1%","21.9%","20.3%","23.5%","21.4%","19.8%","22.9%","16.9%","15.5%","18.3%","14.9%","14.1%","15.8%","25.3%","23.9%","26.6%","20.1%","18.4%","21.6%","20.6%","19.1%","22.1%","25.7%","23.9%","27.3%","22.0%","20.5%","23.6%","20.6%","20.1%","21.1%","24.2%","22.3%","26.0%"
"    62 years and over","19.3%","17.6%","20.9%","12.9%","12.5%","13.3%","19.9%","18.6%","21.2%","19.5%","17.9%","21.1%","16.4%","14.8%","18.0%","16.5%","15.2%","17.9%","19.4%","17.5%","21.2%","20.7%","19.2%","22.1%","14.1%","12.2%","15.9%","23.2%","21.5%","24.9%","15.9%","14.3%","17.4%","20.0%","17.9%","22.1%","18.2%","17.3%","19.1%","17.6%","15.9%","19.3%","18.0%","16.4%","19.6%","19.8%","18.0%","21.6%","18.1%","16.4%","19.8%","18.8%","17.1%","20.5%","17.5%","15.9%","19.0%","23.3%","21.8%","24.7%","17.6%","15.8%","19.2%","19.0%","17.1%","20.8%","19.6%","17.9%","21.3%","18.3%","16.9%","19.6%","18.1%","16.3%","19.8%","19.3%","17.6%","20.8%","21.7%","20.7%","22.7%","18.1%","16.5%","19.7%","18.2%","17.2%","19.1%","20.4%","19.1%","21.6%","18.4%","16.4%","20.3%","19.5%","17.9%","21.1%","18.4%","16.5%","20.2%","18.6%","16.7%","20.3%","17.7%","15.9%","19.7%","19.7%","17.8%","21.4%","18.1%","16.5%","19.8%","20.5%","19.1%","21.8%","20.8%","18.7%","22.8%","19.6%","17.6%","21.4%","20.0%","18.4%","21.4%","19.3%","17.8%","20.8%","18.9%","17.3%","20.3%","14.7%","13.3%","16.0%","12.9%","12.1%","13.8%","21.9%","20.6%","23.1%","17.5%","16.0%","19.0%","18.0%","16.6%","19.4%","22.6%","20.9%","24.3%","19.3%","17.7%","20.8%","17.8%","16.9%","18.7%","21.7%","19.8%","23.3%"
"    65 years and over","15.7%","14.0%","17.3%","9.6%","9.0%","10.3%","16.4%","15.2%","17.6%","16.1%","14.5%","17.5%","13.3%","11.8%","14.7%","13.0%","11.8%","14.3%","15.7%","13.9%","17.5%","17.0%","15.7%","18.2%","11.4%","9.6%","13.0%","19.5%","17.9%","20.9%","12.8%","11.3%","14.1%","16.6%","14.7%","18.4%","14.7%","13.8%","15.6%","14.2%","12.5%","15.8%","14.6%","13.0%","16.2%","16.0%","14.3%","17.8%","14.6%","13.0%","16.3%","15.2%","13.6%","16.8%","14.0%","12.4%","15.5%","18.8%","17.4%","20.2%","14.1%","12.5%","15.6%","15.4%","13.6%","17.0%","15.8%","14.3%","17.3%","14.7%","13.2%","16.1%","14.7%","13.1%","16.3%","15.6%","13.9%","17.3%","17.3%","16.4%","18.2%","14.7%","13.1%","16.3%","14.6%","13.8%","15.4%","16.4%","15.1%","17.7%","15.0%","13.1%","16.8%","15.9%","14.5%","17.2%","15.0%","13.1%","16.7%","15.1%","13.5%","16.6%","14.2%","12.4%","16.0%","15.8%","14.1%","17.5%","14.7%","13.2%","16.2%","16.4%","15.1%","17.6%","17.0%","15.0%","18.9%","16.1%","14.2%","17.9%","16.2%","14.8%","17.6%","15.7%","14.2%","17.2%","15.4%","13.9%","16.8%","11.7%","10.5%","13.0%","10.3%","9.5%","11.1%","17.6%","16.3%","18.8%","14.2%","12.7%","15.6%","14.5%","13.2%","15.7%","18.2%","16.6%","19.8%","15.6%","14.1%","17.1%","14.1%","13.3%","14.9%","18.0%","16.4%","19.6%"
"    75 years and over","6.4%","5.1%","7.6%","3.1%","2.6%","3.7%","6.8%","6.1%","7.5%","6.7%","5.5%","7.8%","5.6%","4.7%","6.6%","5.0%","4.2%","5.9%","7.0%","5.6%","8.3%","6.9%","6.0%","7.7%","4.8%","3.7%","5.9%","8.7%","7.6%","9.7%","4.8%","3.9%","5.7%","7.2%","5.8%","8.7%","5.9%","5.2%","6.6%","6.1%","4.9%","7.3%","6.2%","4.9%","7.4%","7.5%","6.0%","8.9%","6.6%","5.2%","7.9%","6.2%","5.0%","7.3%","5.8%","4.7%","6.9%","7.8%","6.6%","9.0%","5.8%","4.7%","6.9%","6.7%","5.3%","8.0%","6.7%","5.4%","7.9%","6.4%","5.3%","7.6%","6.0%","4.8%","7.1%","6.8%","5.5%","7.9%","7.1%","6.3%","8.0%","6.6%","5.4%","7.9%","5.5%","4.9%","6.0%","6.7%","5.6%","7.8%","6.6%","5.2%","7.9%","6.4%","5.6%","7.3%","6.6%","5.3%","7.8%","6.1%","4.9%","7.1%","6.7%","5.2%","8.3%","6.8%","5.5%","8.1%","6.2%","5.1%","7.2%","6.5%","5.6%","7.5%","7.7%","6.1%","9.1%","7.2%","5.6%","8.6%","6.2%","5.2%","7.1%","7.2%","5.8%","8.6%","6.2%","5.1%","7.3%","4.7%","3.9%","5.5%","4.2%","3.7%","4.8%","7.2%","6.0%","8.4%","5.7%","4.7%","6.7%","5.8%","4.8%","6.7%","7.5%","6.2%","8.8%","6.8%","5.6%","8.1%","5.6%","4.8%","6.5%","7.8%","6.7%","8.7%"
"SUMMARY INDICATORS","","","","","","","","","","","","","","","","","","","","","","","","","","","","","","","","","","","","","","","","","","","","","","","","","","","","","","","","","","","","","","","","","","","","","","","","","","","","","","","","","","","","","","","","","","","","","","","","","","","","","","","","","","","","","","","","","","","","","","","","","","","","","","","","","","","","","","","","","","","","","","","","","","","","","","","","","","","",""
"    Median age (years)","38.7","37.2","40.0","33.3","32.8","33.9","37.4","36.1","38.8","37.9","36.6","39.3","36.2","35.1","37.4","36.4","35.5","37.3","40.6","38.6","42.5","39.7","37.9","41.2","33.8","33.4","34.1","41.8","40.3","43.3","36.4","35.0","37.6","37.7","36.0","40.0","35.8","35.2","36.5","37.7","36.4","38.8","37.5","36.3","38.7","38.1","36.8","39.4","36.2","35.0","37.7","38.8","37.5","40.1","36.4","35.1","37.7","44.6","43.3","45.7","38.3","36.7","39.8","39.4","37.8","40.9","39.7","38.3","41.0","37.9","36.9","39.0","37.0","35.6","38.5","38.4","36.9","39.7","39.9","38.9","40.9","36.1","35.2","37.1","37.8","37.2","38.5","42.8","41.6","43.9","39.6","38.0","41.1","37.4","35.9","39.2","38.3","36.8","39.8","38.4","36.8","40.0","34.9","34.0","36.3","39.3","37.8","40.8","36.3","35.0","37.8","39.1","38.1","40.2","40.7","39.0","42.3","39.7","38.4","41.2","39.0","37.2","40.8","36.9","36.0","38.2","38.7","37.4","39.9","34.4","33.4","35.4","30.6","30.1","31.1","43.1","41.4","44.4","37.8","36.5","39.1","37.5","36.6","38.6","42.2","41.0","43.2","39.4","38.2","40.6","36.5","35.9","37.1","40.0","38.0","41.9"
"    Sex ratio (males per 100 females)","93.9","(X)","(X)","111.1","(X)","(X)","98.5","(X)","(X)","96.6","(X)","(X)","98.7","(X)","(X)","100.9","(X)","(X)","95.3","(X)","(X)","93.9","(X)","(X)","90.7","(X)","(X)","95.3","(X)","(X)","95.0","(X)","(X)","102.5","(X)","(X)","99.8","(X)","(X)","96.3","(X)","(X)","96.6","(X)","(X)","98.4","(X)","(X)","99.1","(X)","(X)","96.7","(X)","(X)","95.9","(X)","(X)","96.0","(X)","(X)","94.1","(X)","(X)","94.3","(X)","(X)","96.7","(X)","(X)","98.9","(X)","(X)","93.8","(X)","(X)","96.2","(X)","(X)","101.0","(X)","(X)","98.8","(X)","(X)","100.3","(X)","(X)","97.7","(X)","(X)","95.5","(X)","(X)","98.6","(X)","(X)","94.5","(X)","(X)","95.1","(X)","(X)","105.3","(X)","(X)","95.9","(X)","(X)","98.4","(X)","(X)","97.8","(X)","(X)","95.7","(X)","(X)","94.0","(X)","(X)","95.0","(X)","(X)","101.1","(X)","(X)","95.0","(X)","(X)","98.4","(X)","(X)","101.1","(X)","(X)","97.2","(X)","(X)","96.9","(X)","(X)","100.0","(X)","(X)","97.1","(X)","(X)","98.8","(X)","(X)","101.4","(X)","(X)","91.2","(X)","(X)"
"    Age dependency ratio","62.6","(X)","(X)","53.5","(X)","(X)","67.1","(X)","(X)","66.0","(X)","(X)","57.6","(X)","(X)","56.4","(X)","(X)","58.7","(X)","(X)","62.8","(X)","(X)","40.7","(X)","(X)","65.8","(X)","(X)","59.4","(X)","(X)","62.1","(X)","(X)","69.0","(X)","(X)","59.3","(X)","(X)","62.5","(X)","(X)","64.9","(X)","(X)","64.9","(X)","(X)","61.5","(X)","(X)","61.0","(X)","(X)","61.5","(X)","(X)","57.6","(X)","(X)","55.7","(X)","(X)","61.5","(X)","(X)","61.4","(X)","(X)","64.1","(X)","(X)","62.7","(X)","(X)","64.5","(X)","(X)","65.3","(X)","(X)","60.6","(X)","(X)","56.7","(X)","(X)","59.5","(X)","(X)","66.1","(X)","(X)","56.9","(X)","(X)","61.0","(X)","(X)","58.3","(X)","(X)","62.6","(X)","(X)","64.7","(X)","(X)","60.6","(X)","(X)","61.5","(X)","(X)","56.7","(X)","(X)","62.5","(X)","(X)","66.9","(X)","(X)","61.3","(X)","(X)","61.2","(X)","(X)","68.7","(X)","(X)","58.2","(X)","(X)","57.4","(X)","(X)","58.6","(X)","(X)","63.4","(X)","(X)","61.3","(X)","(X)","61.0","(X)","(X)","64.7","(X)","(X)"
"    Old-Age dependency ratio","25.5","(X)","(X)","14.8","(X)","(X)","27.4","(X)","(X)","26.6","(X)","(X)","20.9","(X)","(X)","20.4","(X)","(X)","25.0","(X)","(X)","27.7","(X)","(X)","16.0","(X)","(X)","32.3","(X)","(X)","20.3","(X)","(X)","26.9","(X)","(X)","24.8","(X)","(X)","22.7","(X)","(X)","23.7","(X)","(X)","26.5","(X)","(X)","24.1","(X)","(X)","24.6","(X)","(X)","22.5","(X)","(X)","30.4","(X)","(X)","22.2","(X)","(X)","23.9","(X)","(X)","25.6","(X)","(X)","23.7","(X)","(X)","24.2","(X)","(X)","25.4","(X)","(X)","28.5","(X)","(X)","24.3","(X)","(X)","23.4","(X)","(X)","25.7","(X)","(X)","23.9","(X)","(X)","26.3","(X)","(X)","23.5","(X)","(X)","24.3","(X)","(X)","22.4","(X)","(X)","25.7","(X)","(X)","24.3","(X)","(X)","26.3","(X)","(X)","27.5","(X)","(X)","25.3","(X)","(X)","26.4","(X)","(X)","26.2","(X)","(X)","24.8","(X)","(X)","18.9","(X)","(X)","17.3","(X)","(X)","27.8","(X)","(X)","22.3","(X)","(X)","22.9","(X)","(X)","29.8","(X)","(X)","25.2","(X)","(X)","22.7","(X)","(X)","29.7","(X)","(X)"
"    Child dependency ratio","37.1","(X)","(X)","38.7","(X)","(X)","39.7","(X)","(X)","39.3","(X)","(X)","36.7","(X)","(X)","36.0","(X)","(X)","33.7","(X)","(X)","35.2","(X)","(X)","24.7","(X)","(X)","33.6","(X)","(X)","39.0","(X)","(X)","35.2","(X)","(X)","44.1","(X)","(X)","36.7","(X)","(X)","38.8","(X)","(X)","38.5","(X)","(X)","40.8","(X)","(X)","36.9","(X)","(X)","38.5","(X)","(X)","31.1","(X)","(X)","35.4","(X)","(X)","31.8","(X)","(X)","35.9","(X)","(X)","37.7","(X)","(X)","39.9","(X)","(X)","37.2","(X)","(X)","36.0","(X)","(X)","41.0","(X)","(X)","37.1","(X)","(X)","31.0","(X)","(X)","35.6","(X)","(X)","39.8","(X)","(X)","33.4","(X)","(X)","36.7","(X)","(X)","35.8","(X)","(X)","36.8","(X)","(X)","40.5","(X)","(X)","34.3","(X)","(X)","34.0","(X)","(X)","31.4","(X)","(X)","36.2","(X)","(X)","40.8","(X)","(X)","36.5","(X)","(X)","42.3","(X)","(X)","51.4","(X)","(X)","30.4","(X)","(X)","35.1","(X)","(X)","35.6","(X)","(X)","33.6","(X)","(X)","36.1","(X)","(X)","38.3","(X)","(X)","35.0","(X)","(X)"
"PERCENT IMPUTED","","","","","","","","","","","","","","","","","","","","","","","","","","","","","","","","","","","","","","","","","","","","","","","","","","","","","","","","","","","","","","","","","","","","","","","","","","","","","","","","","","","","","","","","","","","","","","","","","","","","","","","","","","","","","","","","","","","","","","","","","","","","","","","","","","","","","","","","","","","","","","","","","","","","","","","","","","","",""
"    Sex","0.1%","(X)","(X)","0.1%","(X)","(X)","0.1%","(X)","(X)","0.1%","(X)","(X)","0.0%","(X)","(X)","0.1%","(X)","(X)","0.0%","(X)","(X)","0.0%","(X)","(X)","0.0%","(X)","(X)","0.1%","(X)","(X)","0.0%","(X)","(X)","0.0%","(X)","(X)","0.0%","(X)","(X)","0.1%","(X)","(X)","0.1%","(X)","(X)","0.1%","(X)","(X)","0.1%","(X)","(X)","0.1%","(X)","(X)","0.1%","(X)","(X)","0.1%","(X)","(X)","0.1%","(X)","(X)","0.0%","(X)","(X)","0.1%","(X)","(X)","0.0%","(X)","(X)","0.1%","(X)","(X)","0.1%","(X)","(X)","0.1%","(X)","(X)","0.1%","(X)","(X)","0.1%","(X)","(X)","0.1%","(X)","(X)","0.1%","(X)","(X)","0.1%","(X)","(X)","0.0%","(X)","(X)","0.1%","(X)","(X)","0.0%","(X)","(X)","0.0%","(X)","(X)","0.1%","(X)","(X)","0.1%","(X)","(X)","0.0%","(X)","(X)","0.0%","(X)","(X)","0.1%","(X)","(X)","0.1%","(X)","(X)","0.1%","(X)","(X)","0.0%","(X)","(X)","0.1%","(X)","(X)","0.1%","(X)","(X)","0.1%","(X)","(X)","0.0%","(X)","(X)","0.0%","(X)","(X)","0.0%","(X)","(X)","0.1%","(X)","(X)","0.1%","(X)","(X)"
"    Age","1.8%","(X)","(X)","2.8%","(X)","(X)","2.0%","(X)","(X)","1.5%","(X)","(X)","2.0%","(X)","(X)","1.4%","(X)","(X)","1.5%","(X)","(X)","1.5%","(X)","(X)","1.9%","(X)","(X)","2.4%","(X)","(X)","2.3%","(X)","(X)","3.3%","(X)","(X)","1.3%","(X)","(X)","1.5%","(X)","(X)","1.1%","(X)","(X)","1.3%","(X)","(X)","1.2%","(X)","(X)","1.3%","(X)","(X)","1.7%","(X)","(X)","1.2%","(X)","(X)","1.8%","(X)","(X)","1.6%","(X)","(X)","1.2%","(X)","(X)","1.1%","(X)","(X)","1.2%","(X)","(X)","1.3%","(X)","(X)","1.8%","(X)","(X)","1.7%","(X)","(X)","1.5%","(X)","(X)","1.5%","(X)","(X)","2.4%","(X)","(X)","2.1%","(X)","(X)","2.0%","(X)","(X)","1.3%","(X)","(X)","1.7%","(X)","(X)","1.3%","(X)","(X)","1.4%","(X)","(X)","1.6%","(X)","(X)","1.2%","(X)","(X)","1.9%","(X)","(X)","1.5%","(X)","(X)","1.3%","(X)","(X)","1.6%","(X)","(X)","1.3%","(X)","(X)","2.1%","(X)","(X)","1.3%","(X)","(X)","1.6%","(X)","(X)","1.4%","(X)","(X)","1.0%","(X)","(X)","0.9%","(X)","(X)","1.7%","(X)","(X)","1.6%","(X)","(X)"